{"a": 29, "b": 84, "c": 41, "x1": -0.6214083580495311, "x2": -2.2751433660884}